"TP Nr";"Naam formulier";"IM";"Deadline noodzakelijk";"Datum deadline";"Contactpersoon";"Prio categorie";"Kosteninschatting"
"";"Intake oliebollenkraam";"Bob van Dongen";"";"";"";"";""
"";"Intake rapportagetool";"";"";"";"";"";""
"";"Naamloos";"";"";"";"";"";""
"";"Naamloos";"";"";"";"";"";""
"";"Naamloos";"";"";"";"";"";""
"3244345";"Aanschaf tool voor sjablonen";"";"";"";"";"";""
"";"Naamloos";"";"";"";"";"";""
"";"Naamloos";"";"";"";"";"";""
"";"Naamloos";"Bob van Dongen";"";"";"";"";""
"";"Naamloos";"Bob van Dongen";"";"";"";"";""
"";"Naamloos";"Bob van Dongen";"";"";"";"";""
"";"Naamloos";"Bob van Dongen";"";"";"";"";""
"";"Naamloos";"Bob van Dongen";"";"";"";"";""
"";"Naamloos";"";"Nee";"";"";"";""
"";"Naamloos";"";"";"";"";"";""
"";"Naamloos";"";"";"";"";"";""
"";"Naamloos";"";"";"";"";"Business ontwikkeling";""